{
    "tasitlar": [
        {
            "id": "1770080529726",
            "plate": "34DNM123",
            "year": "2025",
            "brandModel": "Hyundai Elantra",
            "km": "180.000",
            "vehicleType": "otomobil",
            "transmission": "otomatik",
            "tramer": "var",
            "tramerRecords": [
                {
                    "date": "03\/05\/2013",
                    "amount": "1.233,00TL"
                }
            ],
            "boya": "yok",
            "boyaliParcalar": [],
            "sigortaDate": "2027-02-03",
            "kaskoDate": "",
            "muayeneDate": "",
            "anahtar": "",
            "anahtarNerede": "",
            "kredi": "",
            "krediDetay": "",
            "branchId": "",
            "price": "",
            "notes": "",
            "uttsTanimlandi": false,
            "takipCihaziMontaj": false,
            "events": [
                {
                    "id": "1770080531061",
                    "type": "km-revize",
                    "date": "03\/02\/2026",
                    "timestamp": "2026-02-03T01:02:11.061Z",
                    "data": {
                        "eskiKm": "-",
                        "yeniKm": "180000"
                    }
                }
            ],
            "satildiMi": false,
            "createdAt": "2026-02-03T01:02:09.726Z",
            "updatedAt": "2026-02-03T01:02:09.726Z",
            "tescilTarihi": "03\/02\/2026",
            "guncelKm": "180000"
        },
        {
            "id": "1737657600000",
            "plate": "78 ABC 087",
            "year": "2022",
            "brandModel": "MERCEDES-BENZ ACTROS",
            "km": "",
            "vehicleType": "",
            "transmission": "",
            "tramer": "",
            "tramerRecords": [],
            "boya": "",
            "boyaliParcalar": [],
            "sigortaDate": null,
            "kaskoDate": null,
            "muayeneDate": null,
            "anahtar": "",
            "anahtarNerede": "",
            "kredi": "",
            "krediDetay": "Türk Ekonomi Bankası A.Ş.",
            "branchId": "1769175251066",
            "price": "3.263.133",
            "notes": "Tipi : KAMYON ACTROS 2632 LD 6x2 FL | Kurum: Türk Ekonomi Bankası A.Ş.",
            "uttsTanimlandi": false,
            "takipCihaziMontaj": false,
            "events": [
                {
                    "id": "1769823046223",
                    "type": "kullanici-atama",
                    "date": "31\/01\/2026",
                    "timestamp": "2026-01-31T01:30:46.223Z",
                    "data": {
                        "kullaniciId": "",
                        "kullaniciAdi": "Henüz Tanımlanmadı"
                    }
                },
                {
                    "id": "1769299071666",
                    "type": "sube-degisiklik",
                    "date": "25\/01\/2026",
                    "timestamp": "2026-01-24T23:57:51.666Z",
                    "data": {
                        "eskiSubeId": "",
                        "yeniSubeId": "1769175251066"
                    }
                },
                {
                    "id": "1769297442537",
                    "type": "km-revize",
                    "date": "25\/01\/2026",
                    "timestamp": "2026-01-24T23:30:42.537Z",
                    "data": {
                        "eskiKm": "",
                        "yeniKm": "182100"
                    }
                }
            ],
            "satildiMi": false,
            "createdAt": "2025-01-23T00:00:00+00:00",
            "updatedAt": "2026-01-31T01:30:46.223Z",
            "guncelKm": "182100",
            "tahsisKisi": ""
        },
        {
            "id": "1737657600001",
            "plate": "78 DE 865",
            "year": "2017",
            "brandModel": "FORD TRANSİT CUSTOM",
            "km": "",
            "vehicleType": "",
            "transmission": "",
            "tramer": "",
            "tramerRecords": [],
            "boya": "",
            "boyaliParcalar": [],
            "sigortaDate": null,
            "kaskoDate": null,
            "muayeneDate": null,
            "anahtar": "",
            "anahtarNerede": "",
            "kredi": "",
            "krediDetay": "Türkiye İş Bankası A.Ş.",
            "branchId": "",
            "price": "560.942",
            "notes": "Tipi : TRANSIT CUSTOM VAN 330 L (125) | Kurum: Türkiye İş Bankası A.Ş.",
            "uttsTanimlandi": false,
            "takipCihaziMontaj": false,
            "events": [],
            "satildiMi": false,
            "createdAt": "2025-01-23T00:00:00+00:00",
            "updatedAt": "2025-01-23T00:00:00+00:00"
        },
        {
            "id": "1737657600002",
            "plate": "78 AAU 863",
            "year": "2020",
            "brandModel": "RENAULT MEGANE",
            "km": "",
            "vehicleType": "",
            "transmission": "",
            "tramer": "",
            "tramerRecords": [],
            "boya": "",
            "boyaliParcalar": [],
            "sigortaDate": null,
            "kaskoDate": null,
            "muayeneDate": null,
            "anahtar": "",
            "anahtarNerede": "",
            "kredi": "",
            "krediDetay": "Türkiye İş Bankası A.Ş.",
            "branchId": "",
            "price": "1.044.348",
            "notes": "RENAULT (OYAK) MEGANE SEDAN JOY 1.5 BLUEDCI EDC 115 | Kurum: Türkiye İş Bankası A.Ş.",
            "uttsTanimlandi": false,
            "takipCihaziMontaj": false,
            "events": [],
            "satildiMi": false,
            "createdAt": "2025-01-23T00:00:00+00:00",
            "updatedAt": "2025-01-23T00:00:00+00:00"
        },
        {
            "id": "1737657600003",
            "plate": "78 DE 897",
            "year": "2018",
            "brandModel": "MERCEDES-BENZ ACTROS",
            "km": "",
            "vehicleType": "",
            "transmission": "",
            "tramer": "",
            "tramerRecords": [],
            "boya": "",
            "boyaliParcalar": [],
            "sigortaDate": null,
            "kaskoDate": null,
            "muayeneDate": null,
            "anahtar": "",
            "anahtarNerede": "",
            "kredi": "",
            "krediDetay": "Türkiye İş Bankası A.Ş.",
            "branchId": "",
            "price": "2.682.689",
            "notes": "KAMYON ACTROS 2632 LD E6 | Kurum: Türkiye İş Bankası A.Ş.",
            "uttsTanimlandi": false,
            "takipCihaziMontaj": false,
            "events": [],
            "satildiMi": false,
            "createdAt": "2025-01-23T00:00:00+00:00",
            "updatedAt": "2025-01-23T00:00:00+00:00"
        },
        {
            "id": "1737657600004",
            "plate": "78 BV 615",
            "year": "2015",
            "brandModel": "MITSUBISHI CANTER TF B85L",
            "km": "",
            "vehicleType": "",
            "transmission": "",
            "tramer": "",
            "tramerRecords": [],
            "boya": "",
            "boyaliParcalar": [],
            "sigortaDate": null,
            "kaskoDate": null,
            "muayeneDate": null,
            "anahtar": "",
            "anahtarNerede": "",
            "kredi": "",
            "krediDetay": "Türkiye İş Bankası A.Ş.",
            "branchId": "",
            "price": "1.068.875",
            "notes": "CANTER TF B85L KAMYON | Kurum: Türkiye İş Bankası A.Ş. | Durum: İCRA",
            "uttsTanimlandi": false,
            "takipCihaziMontaj": false,
            "events": [],
            "satildiMi": false,
            "createdAt": "2025-01-23T00:00:00+00:00",
            "updatedAt": "2025-01-23T00:00:00+00:00"
        },
        {
            "id": "1737657600005",
            "plate": "78 AAC 284",
            "year": "2017",
            "brandModel": "PEUGEOT 301",
            "km": "",
            "vehicleType": "",
            "transmission": "",
            "tramer": "",
            "tramerRecords": [],
            "boya": "",
            "boyaliParcalar": [],
            "sigortaDate": null,
            "kaskoDate": null,
            "muayeneDate": null,
            "anahtar": "",
            "anahtarNerede": "",
            "kredi": "",
            "krediDetay": "Türkiye İş Bankası A.Ş.",
            "branchId": "",
            "price": "469.047",
            "notes": "301 ACTIVE 1.6 HDI 92 (1038) | Kurum: Türkiye İş Bankası A.Ş. | Durum: İCRA",
            "uttsTanimlandi": false,
            "takipCihaziMontaj": false,
            "events": [],
            "satildiMi": false,
            "createdAt": "2025-01-23T00:00:00+00:00",
            "updatedAt": "2025-01-23T00:00:00+00:00"
        },
        {
            "id": "1737657600006",
            "plate": "78 ABJ 487",
            "year": "2023",
            "brandModel": "FIAT EGEA",
            "km": "",
            "vehicleType": "",
            "transmission": "",
            "tramer": "",
            "tramerRecords": [],
            "boya": "",
            "boyaliParcalar": [],
            "sigortaDate": null,
            "kaskoDate": null,
            "muayeneDate": null,
            "anahtar": "",
            "anahtarNerede": "",
            "kredi": "",
            "krediDetay": "Akbank T.A.Ş.",
            "branchId": "",
            "price": "1.033.512",
            "notes": "EGEA SEDAN EASY 1.3M.JET 95 E6D | Kurum: Akbank T.A.Ş. | Durum: İCRA",
            "uttsTanimlandi": false,
            "takipCihaziMontaj": false,
            "events": [],
            "satildiMi": false,
            "createdAt": "2025-01-23T00:00:00+00:00",
            "updatedAt": "2025-01-23T00:00:00+00:00"
        },
        {
            "id": "1737657600007",
            "plate": "34 CBS 866",
            "year": "2019",
            "brandModel": "FORD TRANSİT CUSTOM",
            "km": "",
            "vehicleType": "",
            "transmission": "",
            "tramer": "",
            "tramerRecords": [],
            "boya": "",
            "boyaliParcalar": [],
            "sigortaDate": null,
            "kaskoDate": null,
            "muayeneDate": null,
            "anahtar": "",
            "anahtarNerede": "",
            "kredi": "",
            "krediDetay": "Albaraka Türk Katılım Bankası A.Ş.",
            "branchId": "",
            "price": "917.032",
            "notes": "TRANSİT CUSTOM KOMBİ ECOBLUE 130 320S TREND | Kurum: Albaraka Türk Katılım Bankası A.Ş.",
            "uttsTanimlandi": false,
            "takipCihaziMontaj": false,
            "events": [],
            "satildiMi": false,
            "createdAt": "2025-01-23T00:00:00+00:00",
            "updatedAt": "2025-01-23T00:00:00+00:00"
        },
        {
            "id": "1737657600008",
            "plate": "42 AFC 857",
            "year": "2018",
            "brandModel": "RENAULT MEGANE",
            "km": "",
            "vehicleType": "",
            "transmission": "",
            "tramer": "",
            "tramerRecords": [],
            "boya": "",
            "boyaliParcalar": [],
            "sigortaDate": null,
            "kaskoDate": null,
            "muayeneDate": null,
            "anahtar": "",
            "anahtarNerede": "",
            "kredi": "",
            "krediDetay": "Türkiye İş Bankası A.Ş.",
            "branchId": "",
            "price": "825.374",
            "notes": "MEGANE SEDAN TOUCH 1.5 DCI EDC 110 | Kurum: Türkiye İş Bankası A.Ş. | Durum: İCRA",
            "uttsTanimlandi": false,
            "takipCihaziMontaj": false,
            "events": [],
            "satildiMi": false,
            "createdAt": "2025-01-23T00:00:00+00:00",
            "updatedAt": "2025-01-23T00:00:00+00:00"
        },
        {
            "id": "1737657600009",
            "plate": "42 SA 027",
            "year": "2020",
            "brandModel": "FORD RANGER",
            "km": "",
            "vehicleType": "",
            "transmission": "",
            "tramer": "",
            "tramerRecords": [],
            "boya": "",
            "boyaliParcalar": [],
            "sigortaDate": null,
            "kaskoDate": null,
            "muayeneDate": null,
            "anahtar": "",
            "anahtarNerede": "",
            "kredi": "",
            "krediDetay": "Türkiye İş Bankası A.Ş.",
            "branchId": "",
            "price": "1.653.098",
            "notes": "RANGER WILDTRAK 4x4 ECOBLUE 213 10A\/T | Kurum: Türkiye İş Bankası A.Ş.",
            "uttsTanimlandi": false,
            "takipCihaziMontaj": false,
            "events": [],
            "satildiMi": false,
            "createdAt": "2025-01-23T00:00:00+00:00",
            "updatedAt": "2025-01-23T00:00:00+00:00",
            "assignedUserId": "u1769900543196"
        },
        {
            "id": "1737657600010",
            "plate": "78 AAV 277",
            "year": "2007",
            "brandModel": "TIRSAN RÖMORK",
            "km": "",
            "vehicleType": "",
            "transmission": "",
            "tramer": "",
            "tramerRecords": [],
            "boya": "",
            "boyaliParcalar": [],
            "sigortaDate": null,
            "kaskoDate": null,
            "muayeneDate": null,
            "anahtar": "",
            "anahtarNerede": "",
            "kredi": "",
            "krediDetay": "",
            "branchId": "",
            "price": "500.000",
            "notes": "RÖMORK",
            "uttsTanimlandi": false,
            "takipCihaziMontaj": false,
            "events": [],
            "satildiMi": false,
            "createdAt": "2025-01-23T00:00:00+00:00",
            "updatedAt": "2025-01-23T00:00:00+00:00"
        },
        {
            "id": "1737657600011",
            "plate": "78 ABC 862",
            "year": "2012",
            "brandModel": "TIRSAN RÖMORK",
            "km": "",
            "vehicleType": "",
            "transmission": "",
            "tramer": "",
            "tramerRecords": [],
            "boya": "",
            "boyaliParcalar": [],
            "sigortaDate": null,
            "kaskoDate": null,
            "muayeneDate": null,
            "anahtar": "",
            "anahtarNerede": "",
            "kredi": "",
            "krediDetay": "",
            "branchId": "",
            "price": "700.000",
            "notes": "RÖMORK | Durum: İCRA",
            "uttsTanimlandi": false,
            "takipCihaziMontaj": false,
            "events": [],
            "satildiMi": false,
            "createdAt": "2025-01-23T00:00:00+00:00",
            "updatedAt": "2025-01-23T00:00:00+00:00"
        },
        {
            "id": "1737657600012",
            "plate": "78 ABN 372",
            "year": "2023",
            "brandModel": "FORD FOCUS SEDAN",
            "km": "",
            "vehicleType": "",
            "transmission": "",
            "tramer": "",
            "tramerRecords": [],
            "boya": "",
            "boyaliParcalar": [],
            "sigortaDate": null,
            "kaskoDate": null,
            "muayeneDate": null,
            "anahtar": "",
            "anahtarNerede": "",
            "kredi": "",
            "krediDetay": "Türkiye Vakıflar Bankası T.A.O.",
            "branchId": "",
            "price": "1.588.219",
            "notes": "FOCUS TITANIUM X 4K 1,5 ECOBLUE 115 8AT | Kurum: Türkiye Vakıflar Bankası T.A.O. | Durum: İCRA",
            "uttsTanimlandi": false,
            "takipCihaziMontaj": false,
            "events": [],
            "satildiMi": false,
            "createdAt": "2025-01-23T00:00:00+00:00",
            "updatedAt": "2025-01-23T00:00:00+00:00"
        },
        {
            "id": "1737657600013",
            "plate": "78 ABL 850",
            "year": "2023",
            "brandModel": "RENAULT KAMYON",
            "km": "",
            "vehicleType": "",
            "transmission": "",
            "tramer": "",
            "tramerRecords": [],
            "boya": "",
            "boyaliParcalar": [],
            "sigortaDate": null,
            "kaskoDate": null,
            "muayeneDate": null,
            "anahtar": "",
            "anahtarNerede": "",
            "kredi": "",
            "krediDetay": "Türkiye Vakıflar Bankası T.A.O.",
            "branchId": "",
            "price": "3.395.046",
            "notes": "KAMYON D 16 MED 4X2 280 E 6 | Kurum: Türkiye Vakıflar Bankası T.A.O. | Durum: İCRA",
            "uttsTanimlandi": false,
            "takipCihaziMontaj": false,
            "events": [],
            "satildiMi": false,
            "createdAt": "2025-01-23T00:00:00+00:00",
            "updatedAt": "2025-01-23T00:00:00+00:00"
        },
        {
            "id": "1737657600014",
            "plate": "78 ACF 926",
            "year": "2025",
            "brandModel": "RENAULT KAMYON",
            "km": "",
            "vehicleType": "",
            "transmission": "",
            "tramer": "",
            "tramerRecords": [],
            "boya": "",
            "boyaliParcalar": [],
            "sigortaDate": null,
            "kaskoDate": null,
            "muayeneDate": null,
            "anahtar": "",
            "anahtarNerede": "",
            "kredi": "",
            "krediDetay": "Türkiye Garanti Bankası A.Ş.",
            "branchId": "",
            "price": "4.000.000",
            "notes": "KAMYON D 16 MED 4X2 280 E 6 | Kurum: Türkiye Garanti Bankası A.Ş.",
            "uttsTanimlandi": false,
            "takipCihaziMontaj": false,
            "events": [],
            "satildiMi": false,
            "createdAt": "2025-01-23T00:00:00+00:00",
            "updatedAt": "2025-01-23T00:00:00+00:00"
        },
        {
            "id": "1737657600015",
            "plate": "78 ACH 671",
            "year": "2025",
            "brandModel": "RENAULT KAMYON",
            "km": "",
            "vehicleType": "",
            "transmission": "",
            "tramer": "",
            "tramerRecords": [],
            "boya": "",
            "boyaliParcalar": [],
            "sigortaDate": null,
            "kaskoDate": null,
            "muayeneDate": null,
            "anahtar": "",
            "anahtarNerede": "",
            "kredi": "",
            "krediDetay": "Türkiye Garanti Bankası A.Ş.",
            "branchId": "",
            "price": "4.000.000",
            "notes": "KAMYON D 16 MED 4X2 280 E 6 | Kurum: Türkiye Garanti Bankası A.Ş. | Durum: İCRA",
            "uttsTanimlandi": false,
            "takipCihaziMontaj": false,
            "events": [],
            "satildiMi": false,
            "createdAt": "2025-01-23T00:00:00+00:00",
            "updatedAt": "2025-01-23T00:00:00+00:00"
        },
        {
            "id": "1737657600016",
            "plate": "34 NS 4050",
            "year": "2018",
            "brandModel": "JAGUAR F-PACE AWD R-SPORT",
            "km": "",
            "vehicleType": "",
            "transmission": "",
            "tramer": "",
            "tramerRecords": [],
            "boya": "",
            "boyaliParcalar": [],
            "sigortaDate": null,
            "kaskoDate": null,
            "muayeneDate": null,
            "anahtar": "",
            "anahtarNerede": "",
            "kredi": "",
            "krediDetay": "Türkiye Vakıflar Bankası T.A.O.",
            "branchId": "",
            "price": "2.980.148",
            "notes": "F-PACE AWD R-SPORT SE 2.0D180 | Kurum: Türkiye Vakıflar Bankası T.A.O.",
            "uttsTanimlandi": false,
            "takipCihaziMontaj": false,
            "events": [],
            "satildiMi": false,
            "createdAt": "2025-01-23T00:00:00+00:00",
            "updatedAt": "2025-01-23T00:00:00+00:00"
        },
        {
            "id": "1737657600017",
            "plate": "78 ABP 527",
            "year": "2007",
            "brandModel": "FIAT DUCATO",
            "km": "",
            "vehicleType": "",
            "transmission": "",
            "tramer": "",
            "tramerRecords": [],
            "boya": "",
            "boyaliParcalar": [],
            "sigortaDate": null,
            "kaskoDate": null,
            "muayeneDate": null,
            "anahtar": "",
            "anahtarNerede": "",
            "kredi": "",
            "krediDetay": "",
            "branchId": "",
            "price": "500.000",
            "notes": "DUCATO | Durum: İCRA",
            "uttsTanimlandi": false,
            "takipCihaziMontaj": false,
            "events": [],
            "satildiMi": false,
            "createdAt": "2025-01-23T00:00:00+00:00",
            "updatedAt": "2025-01-23T00:00:00+00:00"
        },
        {
            "id": "1737657600018",
            "plate": "34 HJC 114",
            "year": "2023",
            "brandModel": "RENAULT KAMYON",
            "km": "",
            "vehicleType": "",
            "transmission": "",
            "tramer": "",
            "tramerRecords": [],
            "boya": "",
            "boyaliParcalar": [],
            "sigortaDate": null,
            "kaskoDate": null,
            "muayeneDate": null,
            "anahtar": "",
            "anahtarNerede": "",
            "kredi": "",
            "krediDetay": "",
            "branchId": "",
            "price": "4.063.930",
            "notes": "KAMYON D 26 WIDE 4X2 P E 6 | KUVEYTTÜRK ADINA KAYITLI",
            "uttsTanimlandi": false,
            "takipCihaziMontaj": false,
            "events": [],
            "satildiMi": false,
            "createdAt": "2025-01-23T00:00:00+00:00",
            "updatedAt": "2025-01-23T00:00:00+00:00"
        },
        {
            "id": "1737657600019",
            "plate": "10 AIZ 310",
            "year": "2017",
            "brandModel": "AUDI Q2",
            "km": "",
            "vehicleType": "",
            "transmission": "",
            "tramer": "",
            "tramerRecords": [],
            "boya": "",
            "boyaliParcalar": [],
            "sigortaDate": null,
            "kaskoDate": null,
            "muayeneDate": null,
            "anahtar": "",
            "anahtarNerede": "",
            "kredi": "",
            "krediDetay": "",
            "branchId": "1769175251066",
            "price": "1.062.497",
            "notes": "1.0 TFSI 116 SPORT S TRONIC | IŞIL BOZKURT ADINA KAYITLI",
            "uttsTanimlandi": false,
            "takipCihaziMontaj": false,
            "events": [
                {
                    "id": "177002656119k",
                    "type": "kaza",
                    "date": "2026-02-02",
                    "timestamp": "2026-02-02T13:02:41+03:00",
                    "data": {
                        "aciklama": "kaza deneme"
                    }
                },
                {
                    "id": "177002656119b",
                    "type": "bakim",
                    "date": "2026-02-02",
                    "timestamp": "2026-02-02T13:02:41+03:00",
                    "data": {
                        "islemler": "deneme balata"
                    }
                },
                {
                    "id": "177002655719k",
                    "type": "kaza",
                    "date": "2026-02-02",
                    "timestamp": "2026-02-02T13:02:37+03:00",
                    "data": {
                        "aciklama": "kaza deneme"
                    }
                },
                {
                    "id": "177002655719b",
                    "type": "bakim",
                    "date": "2026-02-02",
                    "timestamp": "2026-02-02T13:02:37+03:00",
                    "data": {
                        "islemler": "deneme balata"
                    }
                },
                {
                    "id": "176998857919b",
                    "type": "bakim",
                    "date": "2026-01-15",
                    "timestamp": "2026-02-02T02:29:39+03:00",
                    "data": {
                        "islemler": "On freb balatalari"
                    }
                },
                {
                    "id": "176998854419b",
                    "type": "bakim",
                    "date": "2026-01-15",
                    "timestamp": "2026-02-02T02:29:04+03:00",
                    "data": {
                        "islemler": "On freb balatalari"
                    }
                },
                {
                    "id": "176998853219b",
                    "type": "bakim",
                    "date": "2026-01-15",
                    "timestamp": "2026-02-02T02:28:52+03:00",
                    "data": {
                        "islemler": "On freb balatalari"
                    }
                },
                {
                    "id": "1769863305679",
                    "type": "kullanici-atama",
                    "date": "31\/01\/2026",
                    "timestamp": "2026-01-31T12:41:45.679Z",
                    "data": {
                        "kullaniciId": "u1769823278672",
                        "kullaniciAdi": "İlker AKEL"
                    }
                },
                {
                    "id": "1769823073673",
                    "type": "kullanici-atama",
                    "date": "31\/01\/2026",
                    "timestamp": "2026-01-31T01:31:13.673Z",
                    "data": {
                        "kullaniciId": "",
                        "kullaniciAdi": "Henüz Tanımlanmadı"
                    }
                },
                {
                    "id": "1769785550301",
                    "type": "sube-degisiklik",
                    "date": "30\/01\/2026",
                    "timestamp": "2026-01-30T15:05:50.302Z",
                    "data": {
                        "eskiSubeId": "",
                        "yeniSubeId": "1769175251066"
                    }
                }
            ],
            "satildiMi": false,
            "createdAt": "2025-01-23T00:00:00+00:00",
            "updatedAt": "2026-01-31T12:41:45.679Z",
            "tahsisKisi": "İlker AKEL",
            "assignedUserId": "u1769823278672",
            "guncelKm": 119100
        },
        {
            "id": "1737657600020",
            "plate": "34 GFA 491",
            "year": "2022",
            "brandModel": "FIAT EGEA",
            "km": "",
            "vehicleType": "",
            "transmission": "",
            "tramer": "",
            "tramerRecords": [],
            "boya": "",
            "boyaliParcalar": [],
            "sigortaDate": null,
            "kaskoDate": null,
            "muayeneDate": null,
            "anahtar": "",
            "anahtarNerede": "",
            "kredi": "",
            "krediDetay": "VAKIF KATILIM BANKASI A.Ş.",
            "branchId": "",
            "price": "819.854",
            "notes": "EGEA EASY 1.3 M.JET 95 E6 | Kurum: VAKIF KATILIM BANKASI A.Ş. | Durum: İCRA",
            "uttsTanimlandi": false,
            "takipCihaziMontaj": false,
            "events": [],
            "satildiMi": false,
            "createdAt": "2025-01-23T00:00:00+00:00",
            "updatedAt": "2025-01-23T00:00:00+00:00"
        },
        {
            "id": "1737657600021",
            "plate": "34 HAM 528",
            "year": "2023",
            "brandModel": "FIAT EGEA",
            "km": "",
            "vehicleType": "",
            "transmission": "",
            "tramer": "",
            "tramerRecords": [],
            "boya": "",
            "boyaliParcalar": [],
            "sigortaDate": null,
            "kaskoDate": null,
            "muayeneDate": null,
            "anahtar": "",
            "anahtarNerede": "",
            "kredi": "",
            "krediDetay": "Türk Ekonomi Bankası A.Ş.",
            "branchId": "",
            "price": "1.033.512",
            "notes": "EGEA EASY 1.3 M.JET 95 E6 | Kurum: Türk Ekonomi Bankası A.Ş. | Durum: İCRA",
            "uttsTanimlandi": false,
            "takipCihaziMontaj": false,
            "events": [],
            "satildiMi": false,
            "createdAt": "2025-01-23T00:00:00+00:00",
            "updatedAt": "2025-01-23T00:00:00+00:00"
        },
        {
            "id": "1737657600022",
            "plate": "78 ABV 698",
            "year": "2023",
            "brandModel": "FIAT EGEA",
            "km": "",
            "vehicleType": "",
            "transmission": "",
            "tramer": "",
            "tramerRecords": [],
            "boya": "",
            "boyaliParcalar": [],
            "sigortaDate": null,
            "kaskoDate": null,
            "muayeneDate": null,
            "anahtar": "",
            "anahtarNerede": "",
            "kredi": "",
            "krediDetay": "VAKIF KATILIM BANKASI A.Ş.",
            "branchId": "",
            "price": "1.033.512",
            "notes": "EGEA EASY 1.3 M.JET 95 E6 | Kurum: VAKIF KATILIM BANKASI A.Ş.",
            "uttsTanimlandi": false,
            "takipCihaziMontaj": false,
            "events": [],
            "satildiMi": false,
            "createdAt": "2025-01-23T00:00:00+00:00",
            "updatedAt": "2025-01-23T00:00:00+00:00"
        },
        {
            "id": "1737657600023",
            "plate": "78 ABZ 653",
            "year": "2023",
            "brandModel": "FIAT EGEA",
            "km": "",
            "vehicleType": "",
            "transmission": "",
            "tramer": "",
            "tramerRecords": [],
            "boya": "",
            "boyaliParcalar": [],
            "sigortaDate": null,
            "kaskoDate": null,
            "muayeneDate": null,
            "anahtar": "",
            "anahtarNerede": "",
            "kredi": "",
            "krediDetay": "Türk Ekonomi Bankası A.Ş.",
            "branchId": "",
            "price": "1.033.512",
            "notes": "EGEA EASY 1.3 M.JET 95 E6 | Kurum: Türk Ekonomi Bankası A.Ş.",
            "uttsTanimlandi": false,
            "takipCihaziMontaj": false,
            "events": [],
            "satildiMi": false,
            "createdAt": "2025-01-23T00:00:00+00:00",
            "updatedAt": "2025-01-23T00:00:00+00:00"
        },
        {
            "id": "1737657600024",
            "plate": "78 ACC 583",
            "year": "2022",
            "brandModel": "FIAT EGEA",
            "km": "",
            "vehicleType": "",
            "transmission": "",
            "tramer": "",
            "tramerRecords": [],
            "boya": "",
            "boyaliParcalar": [],
            "sigortaDate": null,
            "kaskoDate": null,
            "muayeneDate": null,
            "anahtar": "",
            "anahtarNerede": "",
            "kredi": "",
            "krediDetay": "",
            "branchId": "",
            "price": "819.854",
            "notes": "EGEA EASY 1.3 M.JET 95 E6 | Durum: İCRA",
            "uttsTanimlandi": false,
            "takipCihaziMontaj": false,
            "events": [],
            "satildiMi": false,
            "createdAt": "2025-01-23T00:00:00+00:00",
            "updatedAt": "2025-01-23T00:00:00+00:00"
        },
        {
            "id": "1737657600025",
            "plate": "34 GUA 145",
            "year": "2022",
            "brandModel": "RENAULT CLİO",
            "km": "",
            "vehicleType": "",
            "transmission": "",
            "tramer": "",
            "tramerRecords": [],
            "boya": "",
            "boyaliParcalar": [],
            "sigortaDate": null,
            "kaskoDate": null,
            "muayeneDate": null,
            "anahtar": "",
            "anahtarNerede": "",
            "kredi": "",
            "krediDetay": "VAKIF KATILIM BANKASI A.Ş.",
            "branchId": "",
            "price": "773.905",
            "notes": "CLIO JOY 1.0 TCE 90 | Kurum: VAKIF KATILIM BANKASI A.Ş.",
            "uttsTanimlandi": false,
            "takipCihaziMontaj": false,
            "events": [],
            "satildiMi": false,
            "createdAt": "2025-01-23T00:00:00+00:00",
            "updatedAt": "2025-01-23T00:00:00+00:00"
        },
        {
            "id": "1737657600026",
            "plate": "34 MCF 184",
            "year": "2017",
            "brandModel": "AUDI A4 LİMOUSİNE",
            "km": "",
            "vehicleType": "",
            "transmission": "",
            "tramer": "",
            "tramerRecords": [],
            "boya": "",
            "boyaliParcalar": [],
            "sigortaDate": null,
            "kaskoDate": null,
            "muayeneDate": null,
            "anahtar": "",
            "anahtarNerede": "",
            "kredi": "",
            "krediDetay": "VAKIF KATILIM BANKASI A.Ş.",
            "branchId": "",
            "price": "1.697.348",
            "notes": "2.0 TDI 190 QUATTRO DYNAMIC S TRONIC | Kurum: VAKIF KATILIM BANKASI A.Ş.",
            "uttsTanimlandi": false,
            "takipCihaziMontaj": false,
            "events": [
                {
                    "id": "1769207870807",
                    "type": "km-revize",
                    "date": "24\/01\/2026",
                    "timestamp": "2026-01-23T22:37:50.807Z",
                    "data": {
                        "eskiKm": "",
                        "yeniKm": "158000"
                    }
                }
            ],
            "satildiMi": false,
            "createdAt": "2025-01-23T00:00:00+00:00",
            "updatedAt": "2025-01-23T00:00:00+00:00",
            "guncelKm": "158000"
        },
        {
            "id": "1737657600027",
            "plate": "34 CKZ 901",
            "year": "2019",
            "brandModel": "PEUGEOT 508",
            "km": "",
            "vehicleType": "",
            "transmission": "",
            "tramer": "",
            "tramerRecords": [],
            "boya": "",
            "boyaliParcalar": [],
            "sigortaDate": null,
            "kaskoDate": null,
            "muayeneDate": null,
            "anahtar": "",
            "anahtarNerede": "",
            "kredi": "",
            "krediDetay": "Türkiye Vakıflar Bankası T.A.O.",
            "branchId": "",
            "price": "1.155.959",
            "notes": "508 PRİME 1.5 BLUEHDI 130 EAT8 | Kurum: Türkiye Vakıflar Bankası T.A.O.",
            "uttsTanimlandi": false,
            "takipCihaziMontaj": false,
            "events": [],
            "satildiMi": false,
            "createdAt": "2025-01-23T00:00:00+00:00",
            "updatedAt": "2025-01-23T00:00:00+00:00"
        },
        {
            "id": "1737657600028",
            "plate": "34 FUJ 951",
            "year": "2022",
            "brandModel": "PEUGEOT 508",
            "km": "",
            "vehicleType": "",
            "transmission": "",
            "tramer": "",
            "tramerRecords": [],
            "boya": "",
            "boyaliParcalar": [],
            "sigortaDate": null,
            "kaskoDate": null,
            "muayeneDate": null,
            "anahtar": "",
            "anahtarNerede": "",
            "kredi": "",
            "krediDetay": "",
            "branchId": "",
            "price": "1.496.704",
            "notes": "508 PRİME 1.5 BLUEHDI 130 EAT8",
            "uttsTanimlandi": false,
            "takipCihaziMontaj": false,
            "events": [],
            "satildiMi": false,
            "createdAt": "2025-01-23T00:00:00+00:00",
            "updatedAt": "2025-01-23T00:00:00+00:00"
        },
        {
            "id": "1737657600029",
            "plate": "26 ADK 608",
            "year": "2020",
            "brandModel": "FORD TOURNEO COURİER",
            "km": "",
            "vehicleType": "",
            "transmission": "",
            "tramer": "",
            "tramerRecords": [],
            "boya": "",
            "boyaliParcalar": [],
            "sigortaDate": null,
            "kaskoDate": null,
            "muayeneDate": null,
            "anahtar": "",
            "anahtarNerede": "",
            "kredi": "",
            "krediDetay": "",
            "branchId": "",
            "price": "611.541",
            "notes": "KOMBİ 1.5 TDCI 75 E6.2 TREND | Durum: İCRA",
            "uttsTanimlandi": false,
            "takipCihaziMontaj": false,
            "events": [],
            "satildiMi": false,
            "createdAt": "2025-01-23T00:00:00+00:00",
            "updatedAt": "2025-01-23T00:00:00+00:00"
        },
        {
            "id": "1737657600030",
            "plate": "34 GJD 221",
            "year": "2022",
            "brandModel": "FIAT EGEA",
            "km": "",
            "vehicleType": "",
            "transmission": "",
            "tramer": "",
            "tramerRecords": [],
            "boya": "",
            "boyaliParcalar": [],
            "sigortaDate": null,
            "kaskoDate": null,
            "muayeneDate": null,
            "anahtar": "",
            "anahtarNerede": "",
            "kredi": "",
            "krediDetay": "",
            "branchId": "",
            "price": "815.052",
            "notes": "EGEA EASY 1.3 M.JET 95 E6 | Durum: İCRA",
            "uttsTanimlandi": false,
            "takipCihaziMontaj": false,
            "events": [],
            "satildiMi": false,
            "createdAt": "2025-01-23T00:00:00+00:00",
            "updatedAt": "2025-01-23T00:00:00+00:00"
        },
        {
            "id": "1737657600031",
            "plate": "34 FDZ 597",
            "year": "2022",
            "brandModel": "RENAULT CLİO",
            "km": "",
            "vehicleType": "",
            "transmission": "",
            "tramer": "",
            "tramerRecords": [],
            "boya": "",
            "boyaliParcalar": [],
            "sigortaDate": null,
            "kaskoDate": null,
            "muayeneDate": null,
            "anahtar": "",
            "anahtarNerede": "",
            "kredi": "",
            "krediDetay": "Albaraka Türk Katılım Bankası A.Ş.",
            "branchId": "",
            "price": "828.703",
            "notes": "CLIO JOY 1.0 TCE 90 | Kurum: Albaraka Türk Katılım Bankası A.Ş.",
            "uttsTanimlandi": false,
            "takipCihaziMontaj": false,
            "events": [],
            "satildiMi": false,
            "createdAt": "2025-01-23T00:00:00+00:00",
            "updatedAt": "2025-01-23T00:00:00+00:00"
        },
        {
            "id": "1737657600032",
            "plate": "34 GGP 199",
            "year": "2023",
            "brandModel": "FIAT EGEA",
            "km": "",
            "vehicleType": "",
            "transmission": "",
            "tramer": "",
            "tramerRecords": [],
            "boya": "",
            "boyaliParcalar": [],
            "sigortaDate": null,
            "kaskoDate": null,
            "muayeneDate": null,
            "anahtar": "",
            "anahtarNerede": "",
            "kredi": "",
            "krediDetay": "",
            "branchId": "",
            "price": "912.894",
            "notes": "EGEA SEDAN EASY 1.3M.JET 95 E6D",
            "uttsTanimlandi": false,
            "takipCihaziMontaj": false,
            "events": [],
            "satildiMi": false,
            "createdAt": "2025-01-23T00:00:00+00:00",
            "updatedAt": "2025-01-23T00:00:00+00:00"
        },
        {
            "id": "1737657600033",
            "plate": "78 AB 236",
            "year": "2006",
            "brandModel": "FORD TRANSİT 350L VAN",
            "km": "",
            "vehicleType": "",
            "transmission": "",
            "tramer": "",
            "tramerRecords": [],
            "boya": "",
            "boyaliParcalar": [],
            "sigortaDate": null,
            "kaskoDate": null,
            "muayeneDate": null,
            "anahtar": "",
            "anahtarNerede": "",
            "kredi": "",
            "krediDetay": "",
            "branchId": "",
            "price": "300.000",
            "notes": "TRANSİT 350L VAN",
            "uttsTanimlandi": false,
            "takipCihaziMontaj": false,
            "events": [],
            "satildiMi": false,
            "createdAt": "2025-01-23T00:00:00+00:00",
            "updatedAt": "2025-01-23T00:00:00+00:00"
        },
        {
            "id": "1737657600034",
            "plate": "37 ACT 466",
            "year": "2023",
            "brandModel": "FORD TRANSİT",
            "km": "",
            "vehicleType": "",
            "transmission": "",
            "tramer": "",
            "tramerRecords": [],
            "boya": "",
            "boyaliParcalar": [],
            "sigortaDate": null,
            "kaskoDate": null,
            "muayeneDate": null,
            "anahtar": "",
            "anahtarNerede": "",
            "kredi": "",
            "krediDetay": "",
            "branchId": "",
            "price": "1.500.705",
            "notes": "TRANSİT MCAI 350L VAN",
            "uttsTanimlandi": false,
            "takipCihaziMontaj": false,
            "events": [],
            "satildiMi": false,
            "createdAt": "2025-01-23T00:00:00+00:00",
            "updatedAt": "2025-01-23T00:00:00+00:00"
        },
        {
            "id": "1737657600035",
            "plate": "78 AAU 227",
            "year": "2020",
            "brandModel": "FORD TRANSİT",
            "km": "",
            "vehicleType": "",
            "transmission": "",
            "tramer": "",
            "tramerRecords": [],
            "boya": "",
            "boyaliParcalar": [],
            "sigortaDate": null,
            "kaskoDate": null,
            "muayeneDate": null,
            "anahtar": "",
            "anahtarNerede": "",
            "kredi": "",
            "krediDetay": "",
            "branchId": "",
            "price": "774.176",
            "notes": "TRANSİT CUSTOMVAN 320L 130 E6.2 TREND",
            "uttsTanimlandi": false,
            "takipCihaziMontaj": false,
            "events": [],
            "satildiMi": false,
            "createdAt": "2025-01-23T00:00:00+00:00",
            "updatedAt": "2025-01-23T00:00:00+00:00"
        },
        {
            "id": "1737657600036",
            "plate": "34 GDV 657",
            "year": "2021",
            "brandModel": "MERCEDES-BENZ E 300 DE",
            "km": "",
            "vehicleType": "",
            "transmission": "",
            "tramer": "",
            "tramerRecords": [],
            "boya": "",
            "boyaliParcalar": [],
            "sigortaDate": null,
            "kaskoDate": null,
            "muayeneDate": null,
            "anahtar": "",
            "anahtarNerede": "",
            "kredi": "",
            "krediDetay": "",
            "branchId": "",
            "price": "4.365.250",
            "notes": "E 300 DE",
            "uttsTanimlandi": false,
            "takipCihaziMontaj": false,
            "events": [],
            "satildiMi": false,
            "createdAt": "2025-01-23T00:00:00+00:00",
            "updatedAt": "2025-01-23T00:00:00+00:00"
        },
        {
            "id": "1737657600037",
            "plate": "78 DE 318",
            "year": "2017",
            "brandModel": "IVECO 70C15",
            "km": "",
            "vehicleType": "",
            "transmission": "",
            "tramer": "",
            "tramerRecords": [],
            "boya": "",
            "boyaliParcalar": [],
            "sigortaDate": null,
            "kaskoDate": null,
            "muayeneDate": null,
            "anahtar": "",
            "anahtarNerede": "",
            "kredi": "",
            "krediDetay": "",
            "branchId": "",
            "price": "724.156",
            "notes": "IVECO\\FIAT DAILY KAMYON 70C15 E5 4750",
            "uttsTanimlandi": false,
            "takipCihaziMontaj": false,
            "events": [],
            "satildiMi": false,
            "createdAt": "2025-01-23T00:00:00+00:00",
            "updatedAt": "2025-01-23T00:00:00+00:00"
        },
        {
            "id": "1737657600038",
            "plate": "42 APZ 329",
            "year": "2017",
            "brandModel": "LAND ROVER RANGE ROVER SPORT",
            "km": "",
            "vehicleType": "",
            "transmission": "",
            "tramer": "",
            "tramerRecords": [],
            "boya": "",
            "boyaliParcalar": [],
            "sigortaDate": null,
            "kaskoDate": null,
            "muayeneDate": null,
            "anahtar": "",
            "anahtarNerede": "",
            "kredi": "",
            "krediDetay": "",
            "branchId": "",
            "price": "3.492.777",
            "notes": "SPORT 2.0 SD4 (240) SE | SATILDI DEVİR YAPILMADI",
            "uttsTanimlandi": false,
            "takipCihaziMontaj": false,
            "events": [],
            "satildiMi": false,
            "createdAt": "2025-01-23T00:00:00+00:00",
            "updatedAt": "2025-01-23T00:00:00+00:00"
        },
        {
            "id": "1737657600039",
            "plate": "42 HE 312",
            "year": "2012",
            "brandModel": "FORD TRANSİT",
            "km": "",
            "vehicleType": "",
            "transmission": "",
            "tramer": "",
            "tramerRecords": [],
            "boya": "",
            "boyaliParcalar": [],
            "sigortaDate": null,
            "kaskoDate": null,
            "muayeneDate": null,
            "anahtar": "",
            "anahtarNerede": "",
            "kredi": "",
            "krediDetay": "",
            "branchId": "",
            "price": "480.291",
            "notes": "TRANSIT 350M TEK KABIN",
            "uttsTanimlandi": false,
            "takipCihaziMontaj": false,
            "events": [],
            "satildiMi": false,
            "createdAt": "2025-01-23T00:00:00+00:00",
            "updatedAt": "2025-01-23T00:00:00+00:00"
        },
        {
            "id": "1737657600040",
            "plate": "34 BNL 080",
            "year": "2018",
            "brandModel": "FORD FOCUS",
            "km": "",
            "vehicleType": "",
            "transmission": "",
            "tramer": "",
            "tramerRecords": [],
            "boya": "",
            "boyaliParcalar": [],
            "sigortaDate": null,
            "kaskoDate": null,
            "muayeneDate": null,
            "anahtar": "",
            "anahtarNerede": "",
            "kredi": "",
            "krediDetay": "",
            "branchId": "",
            "price": "883.547",
            "notes": "FOCUS III MCA TREND X 1.5 TDCI | Orijinal listede marka hatası düzeltildi",
            "uttsTanimlandi": false,
            "takipCihaziMontaj": false,
            "events": [],
            "satildiMi": false,
            "createdAt": "2025-01-23T00:00:00+00:00",
            "updatedAt": "2025-01-23T00:00:00+00:00"
        },
        {
            "id": "1737657600041",
            "plate": "34 DNH 138",
            "year": "2020",
            "brandModel": "FORD FOCUS",
            "km": "",
            "vehicleType": "",
            "transmission": "",
            "tramer": "",
            "tramerRecords": [],
            "boya": "",
            "boyaliParcalar": [],
            "sigortaDate": null,
            "kaskoDate": null,
            "muayeneDate": null,
            "anahtar": "",
            "anahtarNerede": "",
            "kredi": "",
            "krediDetay": "",
            "branchId": "",
            "price": "1.089.755",
            "notes": "Focus Trend X 1.5 Tdcı 120 4 Kapı 8S At",
            "uttsTanimlandi": false,
            "takipCihaziMontaj": false,
            "events": [],
            "satildiMi": false,
            "createdAt": "2025-01-23T00:00:00+00:00",
            "updatedAt": "2025-01-23T00:00:00+00:00"
        },
        {
            "id": "1737657600042",
            "plate": "42 ABH 973",
            "year": "2018",
            "brandModel": "FORD TRANSİT",
            "km": "",
            "vehicleType": "",
            "transmission": "",
            "tramer": "",
            "tramerRecords": [],
            "boya": "",
            "boyaliParcalar": [],
            "sigortaDate": null,
            "kaskoDate": null,
            "muayeneDate": null,
            "anahtar": "",
            "anahtarNerede": "",
            "kredi": "",
            "krediDetay": "",
            "branchId": "",
            "price": "677.681",
            "notes": "TRANSIT VAN 2.0 ECOBLUE TDCI 350L TREND 11M3",
            "uttsTanimlandi": false,
            "takipCihaziMontaj": false,
            "events": [],
            "satildiMi": false,
            "createdAt": "2025-01-23T00:00:00+00:00",
            "updatedAt": "2025-01-23T00:00:00+00:00"
        },
        {
            "id": "1737657600043",
            "plate": "34 DMT 319",
            "year": "2020",
            "brandModel": "FIAT EGEA",
            "km": "",
            "vehicleType": "",
            "transmission": "",
            "tramer": "",
            "tramerRecords": [],
            "boya": "",
            "boyaliParcalar": [],
            "sigortaDate": null,
            "kaskoDate": null,
            "muayeneDate": null,
            "anahtar": "",
            "anahtarNerede": "",
            "kredi": "",
            "krediDetay": "",
            "branchId": "",
            "price": "645.572",
            "notes": "EGEA SEDAN EASY 1.3 M.JET 95 E6D",
            "uttsTanimlandi": false,
            "takipCihaziMontaj": false,
            "events": [],
            "satildiMi": false,
            "createdAt": "2025-01-23T00:00:00+00:00",
            "updatedAt": "2025-01-23T00:00:00+00:00"
        },
        {
            "id": "1737657600044",
            "plate": "78 BT 351",
            "year": "2013",
            "brandModel": "FORD TRANSİT",
            "km": "",
            "vehicleType": "",
            "transmission": "",
            "tramer": "",
            "tramerRecords": [],
            "boya": "",
            "boyaliParcalar": [],
            "sigortaDate": null,
            "kaskoDate": null,
            "muayeneDate": null,
            "anahtar": "",
            "anahtarNerede": "",
            "kredi": "",
            "krediDetay": "",
            "branchId": "",
            "price": "508.155",
            "notes": "TRANSIT 350ED TEK KABIN KAMYONET 155 E5",
            "uttsTanimlandi": false,
            "takipCihaziMontaj": false,
            "events": [],
            "satildiMi": false,
            "createdAt": "2025-01-23T00:00:00+00:00",
            "updatedAt": "2025-01-23T00:00:00+00:00"
        },
        {
            "id": "1737657600045",
            "plate": "42 ALS 178",
            "year": "2022",
            "brandModel": "FORD TRANSİT",
            "km": "",
            "vehicleType": "",
            "transmission": "",
            "tramer": "",
            "tramerRecords": [],
            "boya": "",
            "boyaliParcalar": [],
            "sigortaDate": null,
            "kaskoDate": null,
            "muayeneDate": null,
            "anahtar": "",
            "anahtarNerede": "",
            "kredi": "",
            "krediDetay": "",
            "branchId": "",
            "price": "1.099.110",
            "notes": "TRAN.MCAI 350L K.NET UPGRADE 170 TREND",
            "uttsTanimlandi": false,
            "takipCihaziMontaj": false,
            "events": [],
            "satildiMi": false,
            "createdAt": "2025-01-23T00:00:00+00:00",
            "updatedAt": "2025-01-23T00:00:00+00:00"
        },
        {
            "id": "1737657600046",
            "plate": "42 ALS 54",
            "year": "2022",
            "brandModel": "AUDI A6 LIMOUSINE",
            "km": "",
            "vehicleType": "",
            "transmission": "",
            "tramer": "",
            "tramerRecords": [],
            "boya": "",
            "boyaliParcalar": [],
            "sigortaDate": null,
            "kaskoDate": null,
            "muayeneDate": null,
            "anahtar": "",
            "anahtarNerede": "",
            "kredi": "",
            "krediDetay": "",
            "branchId": "",
            "price": "3.798.769",
            "notes": "A6 40 2.00 TDI QUATRO 204 SPORT STRANIC",
            "uttsTanimlandi": false,
            "takipCihaziMontaj": false,
            "events": [],
            "satildiMi": false,
            "createdAt": "2025-01-23T00:00:00+00:00",
            "updatedAt": "2025-01-23T00:00:00+00:00"
        },
        {
            "id": "1737657600047",
            "plate": "42 ALS 334",
            "year": "2021",
            "brandModel": "MERCEDES-BENZ CLS 300 D 4MATIC",
            "km": "",
            "vehicleType": "",
            "transmission": "",
            "tramer": "",
            "tramerRecords": [],
            "boya": "",
            "boyaliParcalar": [],
            "sigortaDate": null,
            "kaskoDate": null,
            "muayeneDate": null,
            "anahtar": "",
            "anahtarNerede": "",
            "kredi": "",
            "krediDetay": "",
            "branchId": "",
            "price": "5.374.500",
            "notes": "CLS 300 d 4MATIC FL AMG",
            "uttsTanimlandi": false,
            "takipCihaziMontaj": false,
            "events": [],
            "satildiMi": false,
            "createdAt": "2025-01-23T00:00:00+00:00",
            "updatedAt": "2025-01-23T00:00:00+00:00"
        },
        {
            "id": "1737657600048",
            "plate": "42 ANB 387",
            "year": "2015",
            "brandModel": "FIAT DOBLO",
            "km": "",
            "vehicleType": "",
            "transmission": "",
            "tramer": "",
            "tramerRecords": [],
            "boya": "",
            "boyaliParcalar": [],
            "sigortaDate": null,
            "kaskoDate": null,
            "muayeneDate": null,
            "anahtar": "",
            "anahtarNerede": "",
            "kredi": "",
            "krediDetay": "",
            "branchId": "",
            "price": "444.770",
            "notes": "DOBLO COMBI 1.3 ECOJET 90 PREMIO",
            "uttsTanimlandi": false,
            "takipCihaziMontaj": false,
            "events": [],
            "satildiMi": false,
            "createdAt": "2025-01-23T00:00:00+00:00",
            "updatedAt": "2025-01-23T00:00:00+00:00"
        },
        {
            "id": "1737657600049",
            "plate": "06 BFC 110",
            "year": "2004",
            "brandModel": "VOLKSWAGEN CITYVAN 2.5",
            "km": "",
            "vehicleType": "",
            "transmission": "",
            "tramer": "",
            "tramerRecords": [],
            "boya": "",
            "boyaliParcalar": [],
            "sigortaDate": null,
            "kaskoDate": null,
            "muayeneDate": null,
            "anahtar": "",
            "anahtarNerede": "",
            "kredi": "",
            "krediDetay": "",
            "branchId": "",
            "price": "400.000",
            "notes": "CITYVAN 2.6",
            "uttsTanimlandi": false,
            "takipCihaziMontaj": false,
            "events": [],
            "satildiMi": false,
            "createdAt": "2025-01-23T00:00:00+00:00",
            "updatedAt": "2025-01-23T00:00:00+00:00"
        },
        {
            "id": "1737657600050",
            "plate": "42 AYZ 122",
            "year": "2014",
            "brandModel": "FIAT DOBLO COMBİ",
            "km": "",
            "vehicleType": "",
            "transmission": "",
            "tramer": "",
            "tramerRecords": [],
            "boya": "",
            "boyaliParcalar": [],
            "sigortaDate": null,
            "kaskoDate": null,
            "muayeneDate": null,
            "anahtar": "",
            "anahtarNerede": "",
            "kredi": "",
            "krediDetay": "",
            "branchId": "",
            "price": "294.330",
            "notes": "DOBLO COMBİ 1.3 MJET 90 HP",
            "uttsTanimlandi": false,
            "takipCihaziMontaj": false,
            "events": [],
            "satildiMi": false,
            "createdAt": "2025-01-23T00:00:00+00:00",
            "updatedAt": "2025-01-23T00:00:00+00:00"
        },
        {
            "id": "1737657600051",
            "plate": "34 EGT 491",
            "year": "2021",
            "brandModel": "RENAULT MEGANE",
            "km": "",
            "vehicleType": "",
            "transmission": "",
            "tramer": "",
            "tramerRecords": [],
            "boya": "",
            "boyaliParcalar": [],
            "sigortaDate": null,
            "kaskoDate": null,
            "muayeneDate": null,
            "anahtar": "",
            "anahtarNerede": "",
            "kredi": "",
            "krediDetay": "",
            "branchId": "",
            "price": "1.060.000",
            "notes": "MEGANE SEDAN TOUCH 1.5 DCI EDC 110",
            "uttsTanimlandi": false,
            "takipCihaziMontaj": false,
            "events": [],
            "satildiMi": false,
            "createdAt": "2025-01-23T00:00:00+00:00",
            "updatedAt": "2025-01-23T00:00:00+00:00"
        },
        {
            "id": "1737657600052",
            "plate": "42 TC 665",
            "year": "2014",
            "brandModel": "FORD C-MAX",
            "km": "",
            "vehicleType": "",
            "transmission": "",
            "tramer": "",
            "tramerRecords": [],
            "boya": "",
            "boyaliParcalar": [],
            "sigortaDate": null,
            "kaskoDate": null,
            "muayeneDate": null,
            "anahtar": "",
            "anahtarNerede": "",
            "kredi": "",
            "krediDetay": "",
            "branchId": "",
            "price": "528.821",
            "notes": "C-MAX TREND 1.6 TDCI (115)",
            "uttsTanimlandi": false,
            "takipCihaziMontaj": false,
            "events": [],
            "satildiMi": false,
            "createdAt": "2025-01-23T00:00:00+00:00",
            "updatedAt": "2025-01-23T00:00:00+00:00"
        },
        {
            "id": "1737657600053",
            "plate": "42 ABM 48",
            "year": "2007",
            "brandModel": "RENAULT KANGOO 1.5 DCI",
            "km": "",
            "vehicleType": "",
            "transmission": "",
            "tramer": "",
            "tramerRecords": [],
            "boya": "",
            "boyaliParcalar": [],
            "sigortaDate": null,
            "kaskoDate": null,
            "muayeneDate": null,
            "anahtar": "",
            "anahtarNerede": "",
            "kredi": "",
            "krediDetay": "",
            "branchId": "",
            "price": "425.000",
            "notes": "KANGOO 1.5 DCI",
            "uttsTanimlandi": false,
            "takipCihaziMontaj": false,
            "events": [],
            "satildiMi": false,
            "createdAt": "2025-01-23T00:00:00+00:00",
            "updatedAt": "2025-01-23T00:00:00+00:00"
        },
        {
            "id": "1737657600054",
            "plate": "07 BDF 315",
            "year": "2007",
            "brandModel": "HONDA CITY",
            "km": "",
            "vehicleType": "",
            "transmission": "",
            "tramer": "",
            "tramerRecords": [],
            "boya": "",
            "boyaliParcalar": [],
            "sigortaDate": null,
            "kaskoDate": null,
            "muayeneDate": null,
            "anahtar": "",
            "anahtarNerede": "",
            "kredi": "",
            "krediDetay": "",
            "branchId": "",
            "price": "500.000",
            "notes": "CITY 1.4 COMFORT CVT (Y)",
            "uttsTanimlandi": false,
            "takipCihaziMontaj": false,
            "events": [],
            "satildiMi": false,
            "createdAt": "2025-01-23T00:00:00+00:00",
            "updatedAt": "2025-01-23T00:00:00+00:00"
        },
        {
            "id": "1737657600055",
            "plate": "35 LGT 36",
            "year": "2017",
            "brandModel": "FORD FİESTA",
            "km": "",
            "vehicleType": "",
            "transmission": "",
            "tramer": "",
            "tramerRecords": [],
            "boya": "",
            "boyaliParcalar": [],
            "sigortaDate": null,
            "kaskoDate": null,
            "muayeneDate": null,
            "anahtar": "",
            "anahtarNerede": "",
            "kredi": "",
            "krediDetay": "",
            "branchId": "",
            "price": "651.397",
            "notes": "1.0 TREND ECOBOOST 100 OV | GİZEM ATASOY ADINA KAYITLI",
            "uttsTanimlandi": false,
            "takipCihaziMontaj": false,
            "events": [],
            "satildiMi": false,
            "createdAt": "2025-01-23T00:00:00+00:00",
            "updatedAt": "2025-01-23T00:00:00+00:00"
        }
    ],
    "kayitlar": [],
    "branches": [
        {
            "id": "1769175216952",
            "name": "Karyapı",
            "city": "Konya",
            "createdAt": "2026-01-23T13:33:36.952Z"
        },
        {
            "id": "1769175230543",
            "name": "Karmotors",
            "city": "Silivri",
            "createdAt": "2026-01-23T13:33:50.543Z"
        },
        {
            "id": "1769175251066",
            "name": "Medisa",
            "city": "Karabük",
            "createdAt": "2026-01-23T13:34:11.066Z"
        },
        {
            "id": "1769175273226",
            "name": "Şenay Mobilya",
            "city": "Karabük",
            "createdAt": "2026-01-23T13:34:33.226Z"
        }
    ],
    "users": [
        {
            "id": "u1769823278672",
            "isim": "İlker AKEL",
            "kullanici_adi": "ilkerA",
            "sifre": "Akel6674",
            "telefon": "05335413410",
            "email": "ilkerakel@hotmail.com",
            "sube_id": 1769175251066,
            "tip": "admin",
            "zimmetli_araclar": [
                1737657600019
            ],
            "aktif": true,
            "kayit_tarihi": "2026-02-02T16:02:55.762Z",
            "son_giris": "2026-02-02T14:46:10+03:00"
        },
        {
            "id": "u1769900543196",
            "isim": "Serhan KÖSE",
            "kullanici_adi": "SerhanK",
            "sifre": "Serhan123",
            "telefon": "05067025500",
            "email": "",
            "sube_id": 1769175251066,
            "tip": "admin",
            "zimmetli_araclar": [
                1737657600009
            ],
            "aktif": true,
            "kayit_tarihi": "2026-02-02T16:02:55.762Z",
            "son_giris": "2026-02-02T19:03:27+03:00"
        }
    ],
    "ayarlar": {
        "sirketAdi": "Medisa",
        "yetkiliKisi": "İlker",
        "telefon": "905559876543",
        "eposta": "info@medisa.com"
    },
    "sifreler": [],
    "arac_aylik_hareketler": [
        {
            "id": 1,
            "arac_id": 1737657600019,
            "surucu_id": "u1769823278672",
            "donem": "2026-01",
            "guncel_km": 112000,
            "bakim_durumu": 1,
            "bakim_aciklama": "Balata arka",
            "bakim_tarih": "2026-01-31",
            "kaza_durumu": 0,
            "kaza_aciklama": "",
            "kaza_tarih": "",
            "ekstra_not": "",
            "kayit_tarihi": "2026-01-31T06:45:53+03:00",
            "guncelleme_tarihi": "2026-02-01T10:49:19+03:00",
            "durum": "onaylandi"
        },
        {
            "id": 2,
            "arac_id": 1737657600019,
            "surucu_id": "u1769823278672",
            "donem": "2026-02",
            "guncel_km": 119100,
            "bakim_durumu": 0,
            "bakim_aciklama": "",
            "bakim_tarih": "2026-02-02",
            "kaza_durumu": 0,
            "kaza_aciklama": "",
            "kaza_tarih": "2026-02-02",
            "ekstra_not": "",
            "kayit_tarihi": "2026-02-01T08:36:53+03:00",
            "guncelleme_tarihi": "2026-02-02T13:09:19+03:00",
            "durum": "onaylandi"
        }
    ],
    "duzeltme_talepleri": [
        {
            "id": 1,
            "kayit_id": 1,
            "surucu_id": "u1769823278672",
            "talep_tarihi": "2026-02-01T04:56:50+03:00",
            "sebep": "ıbnnj",
            "eski_km": 112000,
            "yeni_km": 112000,
            "durum": "onaylandi",
            "admin_yanit_tarihi": "2026-02-01T10:49:19+03:00",
            "admin_notu": "",
            "admin_id": 1
        },
        {
            "id": 2,
            "kayit_id": 2,
            "surucu_id": "u1769823278672",
            "talep_tarihi": "2026-02-01T09:48:48+03:00",
            "sebep": "333",
            "eski_km": 120000,
            "yeni_km": 120000,
            "durum": "beklemede",
            "admin_yanit_tarihi": null,
            "admin_notu": null,
            "admin_id": null
        }
    ]
}